image_id,exposure,country,road_network,light_sum,light_mean
13910_27228,3586,Fujian Province,"[19343.685391528215, 0.0, 0.0]",1325.5875,82.84921875
13914_27138,4113,Fujian Province,"[12126.662705756286, 0.0, 130.84538697769915]",2375.1429,148.4464313
13918_27241,324,Fujian Province,"[18686.905465457683, 0.0, 4366.190762106617]",4013.8064,250.8629
13919_27230,227,Fujian Province,"[39212.839174533656, 0.0, 24947.219283488976]",3635.6864,227.2304
13919_27249,453,Fujian Province,"[20839.69918204181, 0.0, 0.0]",2589.6245,161.8515313
